{
  "mesh_gen": 0.1979184060000989,
  "source_setup": 0.0002649830021255184,
  "assembly": 0.016753953997977078,
  "solve": 29.201187946000573,
  "total": 29.416125289000775
}